<?xml version="1.0" encoding="utf-8"?>
<menu>
  <menuitem label="Minha Conta">
    <icon>fas:user-circle fa-fw </icon>
    <action>Dashboard#method=onShow</action>
    <menu>
      <menuitem label="Minha conta">
        <icon>fas:funnel-dollar fa-fw </icon>
        <action>SaasMinhaContaDashboard#method=onShow</action>
      </menuitem>
      <menuitem label="Meus Pagamentos">
        <icon>fas:dollar-sign fa-fw </icon>
        <action>SaasAccountPagamentoList#method=onShow</action>
      </menuitem>
    </menu>
  </menuitem>
  <menuitem label="Agendamentos">
    <icon>far:calendar-alt fa-fw </icon>
    <menu>
      <menuitem label="Agendamentos">
        <icon>fas:calendar-day fa-fw </icon>
        <action>AgendamentosFilterForm#method=onShow</action>
      </menuitem>
      <menuitem label="Listagem">
        <icon>fas:list fa-fw </icon>
        <action>AgendaAgendamentoList#method=onShow</action>
      </menuitem>
      <menuitem label="Dashboard">
        <icon>fas:chart-pie fa-fw </icon>
        <action>DashboardAgendamentoGeral#method=onShow</action>
      </menuitem>
    </menu>
  </menuitem>
  <menuitem label="Pessoas">
    <icon>fas:users fa-fw </icon>
    <menu>
      <menuitem label="Pacientes">
        <icon>fas:user-injured fa-fw </icon>
        <action>PacienteList#method=onShow</action>
      </menuitem>
      <menuitem label="Profissionais">
        <icon>fas:user-md fa-fw </icon>
        <action>ProfissionalList#method=onShow</action>
      </menuitem>
      <menuitem label="Fornecedores">
        <icon>fas:truck fa-fw </icon>
        <action>FornecedorList#method=onShow</action>
      </menuitem>
    </menu>
  </menuitem>
  <menuitem label="Atendimento">
    <icon>far:clipboard fa-fw </icon>
    <menu>
      <menuitem label="Próximos">
        <icon>fas:angle-right fa-fw </icon>
        <action>AgendamentoList#method=onShow</action>
      </menuitem>
      <menuitem label="Todos">
        <icon>fas:angle-right fa-fw </icon>
        <action>TodosAgendamentoList#method=onShow</action>
      </menuitem>
      <menuitem label="Dashboard">
        <icon>fas:chart-pie fa-fw </icon>
        <action>DashboardAtendimentoGeral#method=onShow</action>
      </menuitem>
    </menu>
  </menuitem>
  <menuitem label="Financeiro">
    <icon>fas:dollar-sign fa-fw </icon>
    <menu>
      <menuitem label="Contas a pagar">
        <icon>far:money-bill-alt fa-fw </icon>
        <action>ContaPagarList#method=onShow</action>
      </menuitem>
      <menuitem label="Contas a receber">
        <icon>far:money-bill-alt fa-fw </icon>
        <action>ContaReceberList#method=onShow</action>
      </menuitem>
      <menuitem label="NFS-e">
        <icon>far:file-pdf fa-fw </icon>
        <action>NotaFiscalServicoList#method=onShow</action>
      </menuitem>
      <menuitem label="Dashboard a receber">
        <icon>fas:chart-pie fa-fw </icon>
        <action>DashboardContasReceberGeral#method=onShow</action>
      </menuitem>
      <menuitem label="Dashboard a pagar">
        <icon>fas:chart-pie fa-fw </icon>
        <action>DashboardContasPagarGeral#method=onShow</action>
      </menuitem>
      <menuitem label="Configurações">
        <icon>fas:cogs fa-fw </icon>
        <menu>
          <menuitem label="Categoria contas">
            <icon>fas:angle-right fa-fw </icon>
            <action>CategoriaContaHeaderList#method=onShow</action>
          </menuitem>
          <menuitem label="Serviços">
            <icon>fas:angle-right fa-fw </icon>
            <action>ClinicaServicoList#method=onShow</action>
          </menuitem>
          <menuitem label="Tipos de pagamento">
            <icon>fas:angle-right fa-fw </icon>
            <action>TipoPagamentoHeaderList#method=onShow</action>
          </menuitem>
        </menu>
      </menuitem>
    </menu>
  </menuitem>
  <menuitem label="Estoque">
    <icon>fas:archive fa-fw </icon>
    <menu>
      <menuitem label="Materiais">
        <icon>fas:boxes fa-fw </icon>
        <action>MaterialList#method=onShow</action>
      </menuitem>
    </menu>
  </menuitem>
  <menuitem label="Cadastros">
    <icon>far:edit fa-fw </icon>
    <menu>
      <menuitem label="Agendas">
        <icon>far:address-book fa-fw </icon>
        <action>AgendaList#method=onShow</action>
      </menuitem>
      <menuitem label="Especialidades">
        <icon>fas:binoculars fa-fw </icon>
        <action>EspecialidadeHeaderList#method=onShow</action>
      </menuitem>
      <menuitem label="Convênios">
        <icon>fas:id-card fa-fw </icon>
        <action>ConvenioHeaderList#method=onShow</action>
      </menuitem>
      <menuitem label="Procedimentos">
        <icon>fas:medkit fa-fw </icon>
        <action>ProcedimentosList#method=onShow</action>
      </menuitem>
      <menuitem label="Exames">
        <icon>fas:flask fa-fw </icon>
        <action>ExameHeaderList#method=onShow</action>
      </menuitem>
      <menuitem label="Formulários">
        <icon>fas:clipboard-list fa-fw </icon>
        <action>FormularioHeaderList#method=onShow</action>
      </menuitem>
      <menuitem label="Tipos de documento">
        <icon>fas:book fa-fw </icon>
        <action>TipoDocumentoHeaderList#method=onShow</action>
      </menuitem>
      <menuitem label="Clínicas">
        <icon>far:hospital fa-fw </icon>
        <action>ClinicaList#method=onShow</action>
      </menuitem>
      <menuitem label="Usuários">
        <icon>fas:users fa-fw </icon>
        <action>SaasUsuarioList#method=onShow</action>
      </menuitem>
      <menuitem label="Template">
        <icon>fab:html5 fa-fw </icon>
        <action>TemplateClinicaHeaderList#method=onShow</action>
      </menuitem>
    </menu>
  </menuitem>
  <menuitem label="SaaS Admin">
    <icon>fas:building fa-fw </icon>
    <menu>
      <menuitem label="SaaS Parâmetros">
        <icon>fas:cogs fa-fw </icon>
        <action>SaasConfiguracaoForm#method=onShow</action>
      </menuitem>
      <menuitem label="Administraçao">
        <icon>fas:calculator fa-fw </icon>
        <menu>
          <menuitem label="Admin Clínicas">
            <icon>far:hospital fa-fw </icon>
            <action>SaasClinicaList#method=onShow</action>
          </menuitem>
          <menuitem label="Clientes">
            <icon>far:user-circle fa-fw </icon>
            <action>AccountList#method=onShow</action>
          </menuitem>
          <menuitem label="Contratos">
            <icon>fas:file-alt fa-fw </icon>
            <action>SaasContratoList#method=onShow</action>
          </menuitem>
          <menuitem label="Pagamentos">
            <icon>fas:credit-card fa-fw </icon>
            <action>SaasPagamentoList#method=onShow</action>
          </menuitem>
          <menuitem label="NFS-e">
            <icon>far:file-pdf fa-fw </icon>
            <action>SaasNotaFiscalServicoList#method=onShow</action>
          </menuitem>
          <menuitem label="Dashboard">
            <icon>fas:chart-pie fa-fw </icon>
            <action>SaasDashboard#method=onShow</action>
          </menuitem>
          <menuitem label="Serviços">
            <icon>fas:bus fa-fw </icon>
            <action>SaasServicoList#method=onShow</action>
          </menuitem>
          <menuitem label="Planos">
            <icon>far:address-book fa-fw </icon>
            <action>SaasPlanoHeaderList#method=onShow</action>
          </menuitem>
        </menu>
      </menuitem>
      <menuitem label="Configurações">
        <icon>fas:cogs fa-fw </icon>
        <menu>
          <menuitem label="NFS-e Status Clínicas">
            <icon> fa-fw </icon>
            <action>NotaFiscalStatusHeaderList#method=onShow</action>
          </menuitem>
          <menuitem label="Status de Pagamentos">
            <icon> fa-fw </icon>
            <action>SaasStatusPagamentoHeaderList#method=onShow</action>
          </menuitem>
          <menuitem label="Gateways de pagamento">
            <icon> fa-fw </icon>
            <action>SaasGatewayPagamentoHeaderList#method=onShow</action>
          </menuitem>
          <menuitem label="NFS-e Status">
            <icon> fa-fw </icon>
            <action>SaasNotaFiscalStatusHeaderList#method=onShow</action>
          </menuitem>
          <menuitem label="Grupos de impostos">
            <icon> fa-fw </icon>
            <action>SaasServicoGrupoImpostoList#method=onShow</action>
          </menuitem>
          <menuitem label="Impostos">
            <icon> fa-fw </icon>
            <action>SaasImpostoHeaderList#method=onShow</action>
          </menuitem>
          <menuitem label="Impostos clínicas">
            <icon> fa-fw </icon>
            <action>ImpostoHeaderList#method=onShow</action>
          </menuitem>
        </menu>
      </menuitem>
      <menuitem label="Tabelas de apoio">
        <icon>fas:tasks fa-fw </icon>
        <menu>
          <menuitem label="CEPs">
            <icon>fas:map-pin fa-fw </icon>
            <action>CepCacheHeaderList#method=onShow</action>
          </menuitem>
          <menuitem label="Cidades">
            <icon>fas:map-signs fa-fw </icon>
            <action>CidadeHeaderList#method=onShow</action>
          </menuitem>
          <menuitem label="Estados de agendamento">
            <icon>fas:traffic-light fa-fw </icon>
            <action>EstadoAgendaHeaderList#method=onShow</action>
          </menuitem>
          <menuitem label="Grupos">
            <icon>fas:users fa-fw </icon>
            <action>GrupoHeaderList#method=onShow</action>
          </menuitem>
          <menuitem label="Estados">
            <icon>far:map fa-fw </icon>
            <action>EstadoHeaderList#method=onShow</action>
          </menuitem>
          <menuitem label="Status dos Contratos">
            <icon> fa-fw </icon>
            <action>SaasContratoStatusHeaderList#method=onShow</action>
          </menuitem>
          <menuitem label="Templates de Email">
            <icon> fa-fw </icon>
            <action>SaasTemplateEmailList#method=onShow</action>
          </menuitem>
          <menuitem label="Tipos de conta">
            <icon>fas:angle-right fa-fw </icon>
            <action>TipoContaHeaderList#method=onShow</action>
          </menuitem>
        </menu>
      </menuitem>
      <menuitem label="Logs">
        <icon>fas:user-secret fa-fw </icon>
        <menu>
          <menuitem label="Logs de email">
            <icon>far:circle fa-fw </icon>
            <action>SaasEmailLogHeaderList#method=onShow</action>
          </menuitem>
          <menuitem label="Logs de erro">
            <icon>far:circle fa-fw </icon>
            <action>SaasErrorLogList#method=onShow</action>
          </menuitem>
          <menuitem label="Logs webhook">
            <icon>far:circle fa-fw </icon>
            <action>SaasWebhookLogHeaderList#method=onShow</action>
          </menuitem>
        </menu>
      </menuitem>
    </menu>
  </menuitem>
  <menuitem label="_t{Administration}">
    <icon>fas:home fa-fw</icon>
    <menu>
      <menuitem label="Dashboard">
        <icon>fas:tachometer-alt fa-fw</icon>
        <action>SystemAdministrationDashboard</action>
      </menuitem>
      <menuitem label="_t{Programs}">
        <icon>far:file-code fa-fw</icon>
        <action>SystemProgramList</action>
      </menuitem>
      <menuitem label="_t{Groups}">
        <icon>fas:users fa-fw</icon>
        <action>SystemGroupList</action>
      </menuitem>
      <menuitem label="_t{Units}">
        <icon>fas:university fa-fw</icon>
        <action>SystemUnitList</action>
      </menuitem>
      <menuitem label="_t{Users}">
        <icon>fas:user fa-fw</icon>
        <action>SystemUserList</action>
      </menuitem>
      <menuitem label="_t{User monitoring}">
        <icon>fas:binoculars fa-fw</icon>
        <action>SystemUserMonitorHeaderList</action>
      </menuitem>
      <menuitem label="_t{Data importing}">
        <icon>fas:cloud-upload-alt fa-fw</icon>
        <action>SystemDataImportForm#method=onShow</action>
      </menuitem>
      <menuitem label="_t{Database explorer}">
        <icon>fas:database fa-fw</icon>
        <action>SystemDatabaseExplorer</action>
      </menuitem>
      <menuitem label="_t{SQL Panel}">
        <icon>fas:table fa-fw</icon>
        <action>SystemSQLPanel</action>
      </menuitem>
      <menuitem label="_t{Menu editor}">
        <icon>far:edit fa-fw</icon>
        <action>SystemMenuEditor</action>
      </menuitem>
      <menuitem label="PHP Info">
        <icon>fas:info-circle fa-fw</icon>
        <action>SystemPHPInfoView</action>
      </menuitem>
      <menuitem label="System Information">
        <icon>fas:desktop fa-fw</icon>
        <action>SystemInformationView</action>
      </menuitem>
      <menuitem label="_t{Preferences}">
        <icon>fas:cog fa-fw</icon>
        <action>SystemPreferenceForm#method=onEdit</action>
      </menuitem>
    </menu>
  </menuitem>
  <menuitem label="_t{Documents}">
    <icon>far:file-alt fa-fw</icon>
    <menu>
      <menuitem label="_t{Send document}">
        <icon>fas:cloud-upload-alt fa-fw</icon>
        <action>SystemDocumentUploadForm</action>
      </menuitem>
      <menuitem label="_t{My documents}">
        <icon>fas:archive fa-fw</icon>
        <action>SystemDocumentList</action>
      </menuitem>
      <menuitem label="_t{Shared with me}">
        <icon>fas:share-alt fa-fw</icon>
        <action>SystemSharedDocumentList</action>
      </menuitem>
      <menuitem label="_t{Categories}">
        <icon>fas:th fa-fw</icon>
        <action>SystemDocumentCategoryFormList</action>
      </menuitem>
    </menu>
  </menuitem>
  <menuitem label="Logs">
    <icon>fas:desktop fa-fw</icon>
    <menu>
      <menuitem label="Dashboard">
        <icon>fas:tachometer-alt fa-fw</icon>
        <action>SystemLogDashboard</action>
      </menuitem>
      <menuitem label="_t{Access Log}">
        <icon>fas:key fa-fw</icon>
        <action>SystemAccessLogList</action>
      </menuitem>
      <menuitem label="_t{Change Log}">
        <icon>fas:film fa-fw</icon>
        <action>SystemChangeLogView</action>
      </menuitem>
      <menuitem label="_t{SQL Log}">
        <icon>fas:database fa-fw</icon>
        <action>SystemSqlLogList</action>
      </menuitem>
      <menuitem label="_t{Request Log}">
        <icon>fas:globe fa-fw</icon>
        <action>SystemRequestLogList</action>
      </menuitem>
      <menuitem label="_t{PHP Log}">
        <icon>fas:exclamation-triangle fa-fw</icon>
        <action>SystemPHPErrorLogView</action>
      </menuitem>
      <menuitem label="Session dump">
        <icon>fas:code fa-fw</icon>
        <action>SystemSessionDumpView</action>
      </menuitem>
    </menu>
  </menuitem>
  <menuitem label="Logout">
    <icon>fas:sign-out-alt fa-fw</icon>
    <action>LoginForm#method=onLogout#static=1</action>
  </menuitem>
</menu>
